timestamp_s,power_w,util_gpu_pct,util_mem_pct,sm_clock_mhz,mem_used_mib,temp_c
.019280160,140.70,0,0,2940,2,42
.192873342,140.70,0,0,2940,2,42
.330977615,140.70,0,0,2940,2,42
.455630071,140.70,0,0,2940,2,42
.579950538,110.66,0,0,2940,2,42
.725682813,110.66,0,0,2940,2,42
.849036038,110.66,0,0,2940,2,42
.972861577,110.66,0,0,2940,4,42
1.097633489,102.70,0,0,2940,508,42
1.222058013,102.70,0,0,2940,508,42
1.345799293,102.70,0,0,2940,508,42
1.470130009,102.70,0,0,2940,508,42
1.595114074,102.81,0,0,2940,508,41
1.720293618,102.81,0,0,2940,508,41
1.843631854,102.81,0,0,2940,508,41
1.967272974,102.81,0,0,2940,508,41
2.090225960,94.16,0,0,2542,508,41
2.213976197,94.16,0,0,2542,508,41
2.337175960,94.16,0,0,2542,562,41
2.461325263,94.16,0,0,2542,594,41
2.586194089,83.96,0,0,2572,594,41
2.709634258,83.96,0,0,2572,594,41
2.832885579,83.96,0,0,2572,594,41
2.956024167,83.96,0,0,2572,594,41
3.079582851,81.83,0,0,2542,594,41
3.203831792,81.83,0,0,2542,594,41
3.327406477,81.83,0,0,2542,594,41
3.451036245,81.83,0,0,2542,594,41
3.573967951,81.21,0,0,2542,594,41
3.705470646,81.21,0,0,2542,594,41
3.834482021,81.21,0,0,2542,594,41
3.957308667,81.21,0,0,2542,594,41
4.080550912,81.05,0,0,2542,594,41
4.204183936,81.05,0,0,2542,594,41
4.327462609,81.05,0,0,2542,594,41
4.450935501,81.05,0,0,2542,594,41
4.574166073,81.19,0,0,2542,594,41
4.697323997,81.19,0,0,2542,594,41
4.821330088,81.19,0,0,2542,594,41
4.944753346,81.19,0,0,2542,594,41
5.067861185,81.30,0,0,2542,594,41
5.190269289,81.30,0,0,2542,594,41
5.313396004,81.30,0,0,2542,594,41
5.437077761,81.30,0,0,2542,594,41
5.560772453,81.37,0,0,2542,594,41
5.683891744,81.37,0,0,2542,594,41
5.806846303,81.37,0,0,2542,594,41
5.930174530,81.37,0,0,2542,594,41
6.053035072,81.44,0,0,2542,594,41
6.175887667,81.44,0,0,2542,594,41
6.298818381,81.44,0,0,2542,594,41
6.421468384,81.44,0,0,2542,594,41
6.544964930,81.61,0,0,2542,594,41
6.667863332,81.61,0,0,2542,594,41
6.792216852,81.61,0,0,2542,594,41
6.915139671,81.61,0,0,2542,594,41
7.038741577,81.79,0,0,2542,594,41
7.161250813,81.79,0,0,2542,594,41
7.284151560,81.79,0,0,2542,594,41
7.407282724,81.79,0,0,2542,594,41
7.530713105,81.82,0,0,2542,594,40
7.653810384,81.82,0,0,2542,594,40
7.777004738,81.82,0,0,2542,594,40
7.900136984,81.82,0,0,2542,594,40
8.023244773,81.82,0,0,2542,594,40
8.146251481,81.82,0,0,2542,594,40
8.269639812,81.82,0,0,2542,594,40
8.392570687,81.82,0,0,2542,594,40
8.515756124,81.89,0,0,2542,594,40
8.639016452,81.89,0,0,2542,594,40
8.762663594,81.89,0,0,2542,594,40
8.885741306,81.89,0,0,2542,594,40
9.008596638,81.86,0,0,2542,594,40
9.131573779,81.86,0,0,2542,594,40
9.255193349,81.86,0,0,2542,594,40
9.378368446,81.86,0,0,2542,594,40
9.502033822,81.65,0,0,2542,594,40
9.625661386,81.65,0,0,2542,594,40
9.749027586,81.65,0,0,2542,594,40
9.871983588,81.65,0,0,2542,594,40
9.995014151,81.48,0,0,2542,594,40
10.118063580,81.48,0,0,2542,594,40
10.240381904,81.48,0,0,2542,594,40
10.363805131,81.48,0,0,2542,594,40
10.487030614,81.48,0,0,2542,594,40
10.611609371,81.30,0,0,2542,592,40
10.735857391,81.30,0,0,2542,592,40
10.858697323,81.30,0,0,2542,592,40
10.982057671,81.30,0,0,2542,592,40
11.106376986,83.09,2,0,2580,592,40
11.231554898,83.09,2,0,2580,592,40
11.370226336,83.09,2,0,2580,592,40
11.493417854,82.99,2,0,2542,594,40
11.616558486,82.99,2,0,2542,594,40
11.738887530,82.99,2,0,2542,594,40
11.861249377,82.99,2,0,2542,594,40
11.984645493,82.99,2,0,2542,594,40
12.106647818,81.71,0,0,2542,594,40
12.228882393,81.71,0,0,2542,594,40
12.350933330,81.71,0,0,2542,594,40
12.474774319,81.71,0,0,2542,594,40
12.598540266,80.99,0,0,2542,594,40
12.722025832,80.99,0,0,2542,594,40
12.846314609,80.99,0,0,2542,594,40
12.969527037,80.99,0,0,2542,594,40
13.093034544,81.14,0,0,2542,594,40
13.216717403,81.14,0,0,2542,594,40
13.339722428,81.14,0,0,2542,594,40
13.463137580,81.14,0,0,2542,594,40
13.586497047,81.40,0,0,2542,594,40
13.709893153,81.40,0,0,2542,594,40
13.833166216,81.40,0,0,2542,594,40
13.957350496,81.40,0,0,2542,594,40
14.081286084,81.63,0,0,2542,594,40
14.204525553,81.63,0,0,2542,594,40
14.327889869,81.63,0,0,2542,594,40
14.463418051,81.63,0,0,2542,594,40
14.596044866,81.79,0,0,2542,594,40
14.723743414,81.79,0,0,2542,594,40
14.846794948,81.79,0,0,2542,594,40
14.969025375,81.79,0,0,2542,594,40
15.092727581,81.68,0,0,2542,594,40
15.216945985,81.68,0,0,2542,594,40
15.340476706,81.68,0,0,2542,594,40
15.464195614,81.68,0,0,2542,1554,40
15.587766641,81.51,0,0,2542,1554,40
15.712084234,81.51,0,0,2542,1556,40
15.835709123,81.51,0,0,2542,1556,40
15.961935983,81.51,0,0,2542,2070,40
16.086017006,81.57,0,0,2542,2120,40
16.209412101,81.57,0,0,2542,2184,40
16.333507622,81.57,0,0,2542,2312,40
16.456740639,81.57,0,0,2542,2312,40
16.580654837,81.34,0,0,2542,1750,40
16.704773352,81.34,0,0,2542,608,40
16.828864875,81.34,0,0,2542,608,40
16.952815542,81.34,0,0,2542,608,40
17.076102061,81.08,0,0,2542,608,40
17.199655114,81.08,0,0,2542,608,40
17.323210312,81.08,0,0,2542,608,40
17.446667534,81.08,0,0,2542,608,40
17.570466954,80.97,0,0,2542,608,40
17.693733024,80.97,0,0,2542,608,40
17.817069938,80.97,0,0,2542,608,40
17.939999099,80.97,0,0,2542,608,40
18.063017510,80.73,0,0,2542,608,40
18.185964585,80.73,0,0,2542,608,40
18.309082685,80.73,0,0,2542,608,40
18.433162877,80.73,0,0,2542,608,40
18.556719898,80.77,0,0,2542,608,40
18.680337875,80.77,0,0,2542,608,40
18.803633681,80.77,0,0,2542,1556,40
18.926755889,80.77,0,0,2542,1556,40
19.051488747,80.94,0,0,2542,1556,40
19.196191112,80.94,0,0,2542,2070,40
19.320117974,80.94,0,0,2542,2070,40
19.443362122,80.94,0,0,2542,2070,40
19.567159539,81.24,0,0,2542,2070,40
19.690784058,81.24,0,0,2542,2070,40
19.814366327,81.24,0,0,2542,2070,40
19.938067942,81.24,0,0,2542,2070,40
20.061965318,81.39,0,0,2542,2070,40
20.185300659,81.39,0,0,2542,2070,40
20.309406590,81.39,0,0,2542,2070,40
20.432511745,81.39,0,0,2542,2070,40
20.556107830,81.58,0,0,2542,2070,40
20.679874198,81.58,0,0,2542,2070,40
20.803309970,81.58,0,0,2542,2070,40
20.927140349,81.58,0,0,2542,2070,40
21.050166023,81.84,0,0,2542,2070,40
21.173892596,81.84,0,0,2542,2070,40
21.296942756,81.84,0,0,2542,2070,40
21.420025219,81.84,0,0,2542,2070,40
21.543891345,82.12,0,0,2542,2070,40
21.666880290,82.12,0,0,2542,2070,40
21.791102562,82.12,0,0,2542,2070,40
21.914513346,82.12,0,0,2542,2070,40
22.037903842,82.45,0,0,2542,2070,40
22.161318904,82.45,0,0,2542,2070,40
22.284757431,82.45,0,0,2542,2070,40
22.408646541,82.45,0,0,2542,2070,40
22.532000267,82.81,0,0,2542,2070,40
22.655535938,82.81,0,0,2542,2070,40
22.779313767,82.81,0,0,2542,2070,40
22.902640993,82.81,0,0,2542,2070,40
23.025787787,83.05,0,0,2542,2070,40
23.149086940,83.05,0,0,2542,2070,40
23.271949526,83.05,0,0,2542,2070,40
23.396060737,83.05,0,0,2542,2070,40
23.519813769,82.91,0,0,2542,2070,40
23.643038802,82.91,0,0,2542,2070,40
23.766629998,82.91,0,0,2542,2070,40
23.890243235,82.91,0,0,2542,2070,40
24.013631677,82.45,0,0,2542,2070,40
24.137165905,82.45,0,0,2542,2070,40
24.260710673,82.45,0,0,2542,2070,40
24.383554273,82.45,0,0,2542,2070,40
24.506715184,81.99,0,0,2542,2070,40
24.630748107,81.99,0,0,2542,2120,40
24.754403875,81.99,0,0,2542,2120,40
24.877547563,81.99,0,0,2542,2120,40
25.000943930,81.52,0,0,2542,2120,40
25.124230499,81.52,0,0,2542,2120,40
25.247188055,81.52,0,0,2542,2120,40
25.370885853,81.52,0,0,2542,2184,40
25.495562215,81.06,0,0,2542,2312,40
25.620286127,81.06,0,0,2542,2312,40
25.744584393,81.06,0,0,2542,2312,40
25.868663052,81.06,0,0,2542,2312,40
25.993515408,80.69,0,0,2542,2312,40
26.116760068,80.69,0,0,2542,2312,40
26.240212541,80.69,0,0,2542,2312,40
26.363765905,80.69,0,0,2542,2312,40
26.488078187,80.69,0,0,2542,2312,40
26.611253085,80.60,0,0,2542,2312,40
26.735121667,80.60,0,0,2542,2312,40
26.859083846,80.60,0,0,2542,2312,40
26.983205096,80.60,0,0,2542,2312,40
27.107239762,80.66,0,0,2542,2312,40
27.235344009,80.66,0,0,2542,2312,40
27.361112761,80.66,0,0,2542,2312,40
27.484865253,80.66,0,0,2542,2312,40
27.608229699,80.75,0,0,2542,2312,40
27.730404452,80.75,0,0,2542,2312,40
27.853828201,80.75,0,0,2542,2312,40
27.975988746,80.75,0,0,2542,2312,40
28.098153780,80.88,0,0,2542,2312,40
28.222854188,80.88,0,0,2542,2312,40
28.347153205,80.88,0,0,2542,2764,40
28.472113926,80.88,0,0,2542,4012,40
28.596001845,85.08,0,0,2617,4012,40
28.720568068,85.08,0,0,2617,4022,40
28.845050593,85.08,0,0,2617,4182,40
28.969466232,85.08,0,0,2617,4186,40
29.093414785,87.01,2,0,2580,4186,40
29.217455292,87.01,2,0,2580,4192,40
29.340840969,87.01,2,0,2580,4192,40
29.465237742,87.01,2,0,2580,4192,40
29.596444958,84.92,2,0,2550,4192,40
29.722593570,84.92,2,0,2550,4192,40
29.847085392,84.92,2,0,2550,4192,40
29.972650087,84.92,2,0,2550,4288,40
30.119057493,83.12,1,0,2542,4288,40
30.243286849,83.12,1,0,2542,4288,40
30.367300104,83.12,1,0,2542,4290,40
30.493892627,83.12,1,0,2542,4292,40
30.616835134,82.51,1,0,2542,4292,40
30.740869761,82.51,1,0,2542,4314,40
30.865964055,82.51,1,0,2542,4316,40
30.989838828,82.51,1,0,2542,4578,40
31.113896218,83.97,3,0,2595,4602,40
31.238213420,83.97,3,0,2595,4602,40
31.361952166,83.97,3,0,2595,4602,40
31.485274823,83.97,3,0,2595,4602,40
31.608940020,85.16,3,0,2572,4602,40
31.733001467,85.16,3,0,2572,4602,40
31.857500243,85.16,3,0,2572,4602,40
31.981550108,85.16,3,0,2572,4602,40
32.104733091,83.49,0,0,2542,5424,40
32.229208463,83.49,0,0,2542,5424,40
32.352809798,83.49,0,0,2542,5424,40
32.476659224,83.49,0,0,2542,5424,40
32.599941034,92.56,0,0,2647,5424,41
32.723330778,92.56,0,0,2647,5424,41
32.847618815,92.56,0,0,2647,5424,41
32.971674321,92.56,0,0,2647,5534,41
33.095295294,102.19,36,2,2587,5534,41
33.219748113,102.19,36,2,2587,5534,41
33.345199934,102.19,36,2,2587,5534,41
33.468782905,102.19,36,2,2587,5534,41
33.592303698,104.88,36,2,2647,5534,40
33.716211144,104.88,36,2,2647,5536,40
33.841118453,104.88,36,2,2647,5536,40
33.965948096,104.88,36,2,2647,5536,40
34.090099143,105.53,32,2,2640,5536,41
34.214455590,105.53,32,2,2640,5536,41
34.339244806,105.53,32,2,2640,5536,41
34.464256494,105.53,32,2,2640,5536,41
34.588343620,102.41,32,2,2670,5536,41
34.713898276,102.41,32,2,2670,5536,41
34.837523086,102.41,32,2,2670,5536,41
34.962307884,102.41,32,2,2670,5536,41
35.086336499,117.34,46,3,2775,5536,42
35.210766705,117.34,46,3,2775,5536,42
35.335727116,117.34,46,3,2775,5536,42
35.460072481,117.34,46,3,2775,5536,42
35.584892536,133.02,46,3,2895,5536,42
35.709654230,133.02,46,3,2895,5536,42
35.834287431,133.02,46,3,2895,5536,42
35.958349680,133.02,46,3,2895,5536,42
36.084328210,136.10,35,2,2902,5536,42
36.208228301,136.10,35,2,2902,5536,42
36.332874897,136.10,35,2,2902,5536,42
36.456811027,136.10,35,2,2902,5536,42
36.580596842,135.27,35,2,2887,5536,42
36.704527983,135.27,35,2,2887,5536,42
36.830575473,135.27,35,2,2887,5536,42
36.954524117,135.27,35,2,2887,5536,42
37.077818481,136.41,39,2,2917,5536,42
37.202327426,136.41,39,2,2917,5536,42
37.326906865,136.41,39,2,2917,5536,42
37.450749839,136.41,39,2,2917,5536,42
37.574623140,140.00,39,2,2940,5536,42
37.698673155,140.00,39,2,2940,5536,42
37.823007931,140.00,39,2,2940,6870,42
37.949092111,140.00,39,2,2940,6874,42
38.073026367,153.73,64,39,2940,6874,46
38.196690782,153.73,64,39,2940,6874,46
38.320606854,153.73,64,39,2940,6874,46
38.445547638,153.73,64,39,2940,6874,46
38.570145131,164.11,64,39,2940,6874,42
38.695334576,164.11,64,39,2940,6874,42
38.820473816,164.11,64,39,2940,6874,42
38.944915243,164.11,64,39,2940,6874,42
39.070654550,155.63,43,2,2940,6874,43
39.195230782,155.63,43,2,2940,6874,43
39.319164969,155.63,43,2,2940,6874,43
39.444041280,155.63,43,2,2940,6874,43
39.569313301,144.69,43,2,2940,6874,42
39.694188150,144.69,43,2,2940,6874,42
39.819571903,144.69,43,2,2940,6874,42
39.944396145,144.69,43,2,2940,6874,42
40.069633331,145.91,50,3,2940,6874,42
40.194066443,145.91,50,3,2940,6874,42
40.319386745,145.91,50,3,2940,6874,42
40.445073903,145.91,50,3,2940,6874,42
40.570475760,146.30,50,3,2940,6874,42
40.695586716,146.30,50,3,2940,6874,42
40.819479905,146.30,50,3,2940,6874,42
40.943029132,146.30,50,3,2940,6874,42
41.067887680,146.48,57,3,2940,6874,42
41.191912087,146.48,57,3,2940,6874,42
41.316146513,146.48,57,3,2940,6874,42
41.440966217,146.48,57,3,2940,6874,42
41.568430472,147.09,57,3,2940,6874,42
41.693641718,147.09,57,3,2940,6874,42
41.817786333,147.09,57,3,2940,6874,42
41.942008545,147.09,57,3,2940,6874,42
42.068542207,172.11,57,4,2910,6874,43
42.192839842,172.11,57,4,2910,6874,43
42.317353887,172.11,57,4,2910,6874,43
42.442240318,172.11,57,4,2910,6874,43
42.567301149,173.93,57,4,2940,6874,42
42.692327755,173.93,57,4,2940,6874,42
42.817877633,173.93,57,4,2940,6874,42
42.942423719,173.93,57,4,2940,6874,42
43.076417124,147.76,55,3,2940,6874,43
43.211771048,147.76,55,3,2940,6874,43
43.353142743,147.76,55,3,2940,6874,43
43.497037429,147.76,55,3,2940,6874,42
43.643742590,141.53,55,3,2940,6874,42
43.798786210,141.53,55,3,2940,6874,42
43.958005391,141.53,55,3,2940,6874,42
44.108322655,129.60,33,2,2940,6874,42
44.252763275,129.60,33,2,2940,6874,42
44.392923915,129.60,33,2,2940,6874,42
44.541169274,127.66,33,2,2940,6874,42
44.698452416,127.66,33,2,2940,6874,42
44.905226379,127.66,33,2,2940,6874,42
45.049367160,126.64,21,1,2940,6874,42
45.205843254,126.64,21,1,2940,6874,42
45.375774190,126.64,21,1,2940,6874,42
45.528044805,122.24,21,1,2760,6874,42
45.684291674,122.24,21,1,2760,6874,42
45.840661115,122.24,21,1,2760,6874,42
45.994794831,122.24,21,1,2760,6874,42
46.144403122,120.25,25,1,2790,6874,42
46.311340496,120.25,25,1,2790,6874,42
46.463790291,120.25,25,1,2790,6874,42
46.608084103,123.09,25,1,2797,6874,42
46.755328845,123.09,25,1,2797,6874,42
46.904896019,123.09,25,1,2797,6874,42
47.054287479,129.06,43,16,2842,6874,45
47.191859214,129.06,43,16,2842,6874,45
47.331111494,129.06,43,16,2842,6874,45
47.468341863,129.06,43,16,2842,6874,45
47.604257380,156.98,43,16,2932,6874,42
47.747055709,156.98,43,16,2932,6874,42
47.889792631,156.98,43,16,2932,6874,42
48.053060142,154.12,36,2,2940,6874,43
48.199741467,154.12,36,2,2940,6874,43
48.341424572,154.12,36,2,2940,6874,43
48.487700360,154.12,36,2,2940,6874,43
48.709541018,129.82,36,2,2940,6874,42
48.845800227,129.82,36,2,2940,6874,42
49.000331005,129.82,37,2,2940,6874,42
49.163755804,127.77,37,2,2940,6874,42
49.310201213,127.77,37,2,2940,6874,42
49.456765567,127.77,37,2,2940,6874,42
49.631785254,125.57,37,2,2835,6874,42
49.782299713,125.57,37,2,2835,6874,42
49.932867331,125.57,37,2,2835,6874,42
50.082956544,125.94,29,2,2835,6874,42
50.237529752,125.94,29,2,2835,6874,42
50.398338935,125.94,29,2,2835,6874,42
50.578853364,123.85,29,2,2805,6874,42
50.738072515,123.85,29,2,2805,6874,42
50.894397231,123.85,29,2,2805,6874,42
51.071941863,120.39,19,1,2797,6874,42
51.210866122,120.39,19,1,2797,6874,42
51.362269524,120.39,19,1,2797,6874,42
51.513738471,117.61,19,1,2767,6874,42
51.677283889,117.61,19,1,2767,6874,42
51.841888453,117.61,19,1,2767,6874,42
52.038548673,116.48,22,1,2767,6874,42
52.190864364,116.48,22,1,2767,6874,42
52.358673630,116.48,22,1,2767,6874,42
52.507529977,118.18,22,1,2790,6874,41
52.657147045,118.18,22,1,2790,6874,41
52.820084120,118.18,22,1,2790,6874,41
52.990240784,118.18,22,1,2790,6874,41
53.147557160,121.31,38,2,2782,6874,42
53.292274965,121.31,38,2,2782,6874,42
53.438913831,121.31,38,2,2782,6874,42
53.584024250,151.53,38,2,2872,6874,43
53.737866103,151.53,38,2,2872,6874,43
53.887038177,151.53,38,2,2872,6874,43
54.036254787,155.41,25,2,2940,6874,42
54.194785794,155.41,25,2,2940,6874,42
54.335581919,155.41,25,2,2940,6874,42
54.491701617,155.41,25,2,2940,6874,42
54.642750558,141.19,25,2,2940,6874,42
54.813215957,141.19,25,2,2940,6874,42
54.959503517,141.19,25,2,2940,6874,42
55.101363337,130.27,35,2,2940,6874,42
55.249427253,130.27,35,2,2940,6874,42
55.396546798,130.27,35,2,2940,6874,42
55.550879181,129.97,35,2,2910,6874,42
55.708806244,129.97,35,2,2910,6874,42
55.870692768,129.97,35,2,2910,6874,42
56.028383854,125.72,24,1,2820,6874,42
56.171874565,125.72,24,1,2820,6874,42
56.332431761,125.72,24,1,2820,6874,42
56.478274538,125.72,24,1,2820,6874,42
56.623713500,123.17,24,1,2857,6874,42
56.776083855,123.17,24,1,2857,6874,42
56.922392073,123.17,24,1,2857,6874,42
57.065107505,124.89,38,3,2865,6874,42
57.216716236,124.89,38,3,2865,6874,42
57.377793869,124.89,38,3,2865,6874,42
57.521372466,125.11,38,3,2872,6874,42
57.666023034,125.11,38,3,2872,6874,42
57.808899591,125.11,38,3,2872,6874,42
57.964271713,125.11,38,3,2872,6874,42
58.121273543,125.97,41,3,2857,6874,42
58.281754305,125.97,41,3,2857,6874,42
58.425779157,125.97,41,3,2857,6874,42
58.568573559,126.65,41,3,2872,6874,42
58.711071107,126.65,41,3,2872,6874,42
58.869998085,126.65,41,3,2872,6874,42
59.026817700,125.71,34,2,2850,6874,42
59.184112525,125.71,34,2,2850,6874,42
59.346824504,125.71,34,2,2850,6874,42
59.498685233,152.99,34,2,2857,6874,43
59.654842914,152.99,34,2,2857,6874,43
59.797930761,152.99,34,2,2857,6874,43
59.965547142,152.99,34,2,2857,6874,43
60.122651577,149.60,26,2,2940,6874,42
60.265408567,149.60,26,2,2940,6874,42
60.410830437,149.60,26,2,2940,6874,42
60.571786579,137.37,26,2,2940,6874,42
60.746680059,137.37,26,2,2940,6874,42
60.903312449,137.37,26,2,2940,6874,42
61.057777713,126.54,25,1,2940,6874,42
61.219060865,126.54,25,1,2940,6874,42
61.359668442,126.54,25,1,2940,6874,42
61.505682294,125.73,25,1,2887,6874,42
61.659367280,125.73,25,1,2887,6874,42
61.801947395,125.73,25,1,2887,6874,42
61.943243648,125.73,25,1,2887,6874,42
62.082831454,124.90,38,3,2842,6874,42
62.227926604,124.90,38,3,2842,6874,42
62.361482412,124.90,38,3,2842,6874,42
62.526117875,128.35,38,3,2902,6874,42
62.668101811,128.35,38,3,2902,6874,42
62.824881901,128.35,38,3,2902,6874,42
62.966420954,128.35,38,3,2902,6874,42
63.108801251,128.80,37,3,2880,6874,42
63.269293514,128.80,37,3,2880,6874,42
63.407095787,128.80,37,3,2880,6874,42
63.559511769,126.54,37,3,2857,6874,42
63.722433375,126.54,37,3,2857,6874,42
63.872448367,126.54,37,3,2857,6874,42
64.022489810,127.17,31,2,2910,6874,42
64.174846799,127.17,31,2,2910,6874,42
64.335840673,127.17,31,2,2910,6874,42
64.496877980,127.17,31,2,2910,6874,42
64.654364177,129.06,31,2,2925,6874,42
64.790563303,129.06,31,2,2925,6874,42
64.934143604,129.06,31,2,2925,6874,42
65.092746798,128.73,38,3,2917,6874,42
65.242206578,128.73,38,3,2917,6874,42
65.396356645,128.73,38,3,2917,6874,42
65.535576985,153.86,38,3,2917,6874,43
65.675648718,153.86,38,3,2917,6874,43
65.826966068,153.86,38,3,2917,6874,43
65.971897569,153.86,38,3,2917,6874,43
66.121362730,159.79,17,1,2940,6874,42
66.275296577,159.79,17,1,2940,6874,42
66.435685675,159.79,17,1,2940,6874,42
66.587034194,145.27,17,1,2940,6874,43
66.745411861,145.27,17,1,2940,6874,43
66.898340534,145.27,17,1,2940,6874,43
67.064842364,129.71,38,3,2940,6874,43
67.212946165,129.71,38,3,2940,6874,43
67.359159124,129.71,38,3,2940,6874,43
67.500330200,129.71,38,3,2940,6874,42
67.659840343,130.67,38,3,2940,6874,42
67.821911177,130.67,38,3,2940,6874,42
67.966383739,130.67,38,3,2940,6874,42
68.120300434,130.34,40,3,2917,6874,42
68.260034016,130.34,40,3,2917,6874,42
68.422963367,130.34,40,3,2917,6874,42
68.581308773,131.38,40,3,2910,6874,42
68.745029885,131.38,40,3,2910,6874,42
68.900092611,131.38,40,3,2910,6874,42
69.035416849,132.40,27,2,2917,6874,42
69.192873751,132.40,27,2,2917,6874,42
69.347836175,132.40,27,2,2917,6874,42
69.530787485,130.30,27,2,2917,6874,42
69.706769075,130.30,27,2,2917,6874,42
69.849669812,130.30,27,2,2917,6874,42
70.005899802,128.23,42,3,2872,6874,42
70.157888535,128.23,42,3,2872,6874,42
70.309173479,128.23,42,3,2872,6874,42
70.466149256,128.23,42,3,2872,6874,42
70.610554382,128.13,42,3,2887,6874,42
70.758798220,128.13,42,3,2887,6874,42
70.906820115,128.13,42,3,2887,6874,42
71.065194212,127.56,38,3,2865,6874,43
71.210709239,127.56,38,3,2865,6874,43
71.357887309,127.56,38,3,2865,6874,43
71.507291292,153.24,38,3,2917,6874,43
71.660311343,153.24,38,3,2917,6874,43
71.797375884,153.24,38,3,2917,6874,43
71.942332788,153.24,38,3,2917,6874,43
72.074310283,156.63,32,2,2940,6874,43
72.203662585,156.63,32,2,2940,6874,43
72.335386398,156.63,32,2,2940,6874,43
72.462491544,156.63,32,2,2940,6874,43
72.588655811,135.09,32,2,2940,6874,43
72.712816075,135.09,32,2,2940,6874,43
72.838075350,135.09,32,2,2940,6874,43
72.962607352,135.09,32,2,2940,6874,43
73.088032773,144.04,65,4,2940,6874,43
73.213294092,144.04,65,4,2940,6874,43
73.338271591,144.04,65,4,2940,6874,43
73.463210426,144.04,65,4,2940,6874,43
73.587520574,153.34,65,4,2940,6874,43
73.712175297,153.34,65,4,2940,6874,43
73.838870983,153.34,65,4,2940,6874,43
73.964897365,153.34,65,4,2940,6874,43
74.089782247,154.34,57,4,2940,6874,43
74.215637033,154.34,57,4,2940,6874,43
74.344521522,154.34,57,4,2940,6874,43
74.471073052,154.34,57,4,2940,6874,43
74.596728668,152.16,57,4,2940,6874,43
74.723850823,152.16,57,4,2940,6874,43
74.849915647,152.16,57,4,2940,6874,43
74.975803184,152.16,57,4,2940,6874,43
75.100846936,175.39,66,4,2910,6874,44
75.226308412,175.39,66,4,2910,6874,44
75.351173755,175.39,66,4,2910,6874,44
75.478110366,175.39,66,4,2910,6874,44
75.602876999,176.36,66,4,2925,6874,43
75.728010270,176.36,66,4,2925,6874,43
75.853630537,176.36,66,4,2925,6874,43
75.979504847,176.36,66,4,2925,6874,43
76.104972794,153.01,61,4,2925,6874,43
76.231185207,153.01,61,4,2925,6874,43
76.358523312,153.01,61,4,2925,6874,43
76.485669138,153.01,61,4,2925,6874,43
76.615743125,153.00,61,4,2925,6874,43
76.755248691,153.00,61,4,2925,6874,43
76.895841715,153.00,61,4,2925,6874,43
77.042574287,147.70,37,2,2925,6874,43
77.185090730,147.70,37,2,2925,6874,43
77.322567577,147.70,37,2,2925,6874,43
77.456944737,147.70,37,2,2925,6874,43
77.591061872,139.41,37,2,2940,6874,43
77.720895991,139.41,37,2,2940,6874,43
77.857383454,139.41,37,2,2940,6874,43
77.992718907,139.41,37,2,2940,6874,43
78.129053720,137.00,49,3,2940,6874,43
78.270435643,137.00,49,3,2940,6874,43
78.417392349,137.00,49,3,2940,6874,43
78.549591965,147.92,49,3,2925,6874,46
78.682762969,147.92,49,3,2925,6874,46
78.808214119,147.92,49,3,2925,6874,46
78.934069138,147.92,49,3,2925,6874,46
79.059379972,168.99,61,4,2932,6874,43
79.185410254,168.99,61,4,2932,6874,43
79.311070712,168.99,61,4,2932,6874,43
79.438057553,168.99,61,4,2932,6874,43
79.565903747,167.50,61,4,2940,6874,44
79.692681750,167.50,61,4,2940,6874,44
79.818157476,167.50,61,4,2940,6874,44
79.944288077,167.50,61,4,2940,6874,44
80.070641031,150.96,60,4,2940,6874,43
80.196581972,150.96,60,4,2940,6874,43
80.323063621,150.96,60,4,2940,6874,43
80.449026903,150.96,60,4,2940,6874,43
80.573375523,150.57,60,4,2940,6874,43
80.699455627,150.57,60,4,2940,6874,43
80.824271035,150.57,60,4,2940,6874,43
80.949388257,150.57,60,4,2940,6874,43
81.075696224,152.10,60,4,2940,6874,44
81.202188833,152.10,60,4,2940,6874,44
81.329162356,152.10,60,4,2940,6874,44
81.455352327,152.10,60,4,2940,6874,44
81.579718409,150.96,60,4,2940,6874,43
81.706319112,150.96,60,4,2940,6874,43
81.832160179,150.96,60,4,2940,6874,43
81.957337655,150.96,60,4,2940,6874,43
82.084294304,174.76,66,5,2910,6874,44
82.210886079,174.76,66,5,2910,6874,44
82.336612238,174.76,66,5,2910,6874,44
82.462782801,174.76,66,5,2910,6874,44
82.588836922,176.32,66,5,2925,6874,44
82.714256366,176.32,66,5,2925,6874,44
82.838809923,176.32,66,5,2925,6874,44
82.963346889,176.32,66,5,2925,6874,44
83.088895849,155.23,66,5,2925,6874,43
83.214789235,155.23,66,5,2925,6874,43
83.340031201,155.23,66,5,2925,6874,43
83.465624545,155.23,66,5,2925,6874,43
83.590851511,156.95,66,5,2925,6874,44
83.718020832,156.95,66,5,2925,6874,44
83.843948020,156.95,66,5,2925,6874,44
83.969465288,156.95,66,5,2925,6874,44
84.094145485,156.64,68,5,2925,6874,44
84.219443266,156.64,68,5,2925,6874,44
84.345084210,156.64,68,5,2925,6874,44
84.470146582,156.64,68,5,2925,6874,44
84.596952750,156.14,68,5,2925,6874,43
84.722731073,156.14,68,5,2925,6874,43
84.847905859,156.14,68,5,2925,6874,43
84.973395684,156.14,68,5,2925,6874,43
85.097481819,180.65,63,4,2902,6874,44
85.223197573,180.65,63,4,2902,6874,44
85.348484352,180.65,63,4,2902,6874,44
85.474044880,180.65,63,4,2902,6874,44
85.599695629,180.62,63,4,2925,6874,43
85.726158353,180.62,63,4,2925,6874,43
85.850749737,180.62,63,4,2925,6874,43
85.975567452,180.62,63,4,2925,6874,43
86.100069467,153.68,64,4,2925,6874,43
86.225140784,153.68,64,4,2925,6874,43
86.349137267,153.68,64,4,2925,6874,43
86.474883877,153.68,64,4,2925,6874,43
86.599771333,153.69,64,4,2925,6874,44
86.724887304,153.69,64,4,2925,6874,44
86.849320155,153.69,64,4,2925,6874,44
86.976180113,153.69,64,4,2925,6874,44
87.101616162,153.68,60,4,2925,6874,44
87.226879172,153.68,60,4,2925,6874,44
87.352360157,153.68,60,4,2925,6874,44
87.481802675,153.68,60,4,2925,6874,44
87.607929947,154.26,60,4,2925,6874,43
87.737893967,154.26,60,4,2925,6874,43
87.863507593,154.26,60,4,2925,6874,43
87.988730225,154.26,60,4,2925,6874,43
88.114029773,178.91,62,4,2902,6874,44
88.240275120,178.91,62,4,2902,6874,44
88.364437395,178.91,62,4,2902,6874,44
88.491238227,178.91,62,4,2902,6874,44
88.616714891,176.40,62,4,2925,6874,44
88.741317372,176.40,62,4,2925,6874,44
88.866078093,176.40,62,4,2925,6874,44
88.991467431,176.40,62,4,2925,6874,44
89.116652400,156.05,66,4,2925,6874,44
89.241474528,156.05,66,4,2925,6874,44
89.367664038,156.05,66,4,2925,6874,44
89.492728666,156.05,66,4,2925,6874,44
89.618296872,157.32,66,4,2925,6874,44
89.743703782,157.32,66,4,2925,6874,44
89.868230747,157.32,66,4,2925,6874,44
89.991660076,157.32,66,4,2925,6874,44
90.115711317,157.00,67,4,2925,6874,44
90.241456810,157.00,67,4,2925,6874,44
90.366814626,157.00,67,4,2925,6874,44
90.491953705,157.00,67,4,2925,6874,44
90.618463861,157.77,67,4,2925,6874,44
90.745703945,157.77,67,4,2925,6874,44
90.871534789,157.77,67,4,2925,6874,44
90.998129967,184.90,67,4,2902,6874,44
91.123596468,184.90,67,4,2902,6874,44
91.248808265,184.90,67,4,2902,6874,44
91.374198831,184.90,67,4,2902,6874,44
91.499531376,185.01,67,4,2925,6874,45
91.624635727,185.01,67,4,2925,6874,45
91.749822695,185.01,67,4,2925,6874,45
91.874782862,185.01,67,4,2925,6874,45
91.999108171,159.40,67,4,2925,6874,44
92.123720887,159.40,67,4,2925,6874,44
92.247980441,159.40,67,4,2925,6874,44
92.372289670,159.40,67,4,2925,6874,44
92.496808766,159.16,67,4,2925,6874,44
92.622649286,159.16,67,4,2925,6874,44
92.748608942,159.16,67,4,2925,6874,44
92.874943370,159.16,67,4,2925,6874,44
92.999574680,158.59,68,5,2925,6874,44
93.124558520,158.59,68,5,2925,6874,44
93.250023465,158.59,68,5,2925,6874,44
93.374131780,158.59,68,5,2925,6874,44
93.499945377,160.62,68,5,2925,6874,47
93.625167569,160.62,68,5,2925,6874,47
93.748991442,160.62,68,5,2925,6874,47
93.872910275,160.62,68,5,2925,6874,47
93.998290417,183.35,72,5,2925,6874,45
94.122745200,183.35,72,5,2925,6874,45
94.247892860,183.35,72,5,2925,6874,45
94.374383524,183.35,72,5,2925,6874,45
94.500224541,180.80,72,5,2925,6874,44
94.626489285,180.80,72,5,2925,6874,44
94.753804526,180.80,72,5,2925,6874,44
94.880604898,180.80,72,5,2925,6874,44
95.007383428,156.43,65,4,2925,6874,44
95.133356276,156.43,65,4,2925,6874,44
95.264264691,156.43,65,4,2925,6874,44
95.393224309,156.43,65,4,2925,6874,44
95.519357180,154.94,65,4,2925,6874,44
95.644698786,154.94,65,4,2925,6874,44
95.770336745,154.94,65,4,2925,6874,44
95.896674706,154.94,65,4,2925,6874,44
96.023219500,154.62,68,5,2925,6874,44
96.148257439,154.62,68,5,2925,6874,44
96.273109965,154.62,68,5,2925,6874,44
96.399161781,154.62,68,5,2925,6874,44
96.523554641,171.01,68,5,2925,6874,46
96.650336936,171.01,68,5,2925,6874,46
96.777027255,171.01,68,5,2925,6874,46
96.903290022,171.01,68,5,2925,6874,46
97.030711492,178.43,61,4,2925,6874,44
97.156527048,178.43,61,4,2925,6874,44
97.283580628,178.43,61,4,2925,6874,44
97.408995852,178.43,61,4,2925,6874,44
97.534062261,161.94,61,4,2925,6874,44
97.659657367,161.94,61,4,2925,6874,44
97.785144657,161.94,61,4,2925,6874,44
97.911378947,161.94,61,4,2925,6874,44
98.036276756,155.30,63,5,2925,6874,44
98.161017417,155.30,63,5,2925,6874,44
98.286962477,155.30,63,5,2925,6874,44
98.412039907,155.30,63,5,2925,6874,44
98.537785477,155.91,63,5,2925,6874,44
98.663548310,155.91,63,5,2925,6874,44
98.788289860,155.91,63,5,2925,6874,44
98.912349654,155.91,63,5,2925,6874,44
99.037082778,157.58,72,5,2925,6874,44
99.162497038,157.58,72,5,2925,6874,44
99.289962508,157.58,72,5,2925,6874,44
99.416081458,157.58,72,5,2925,6874,44
99.540994402,183.33,72,5,2925,6874,46
99.666200695,183.33,72,5,2925,6874,46
99.793382775,183.33,72,5,2925,6874,46
99.918569250,183.33,72,5,2925,6874,46
100.043805690,182.58,68,5,2925,6874,44
100.169816012,182.58,68,5,2925,6874,44
100.294458152,182.58,68,5,2925,6874,44
100.419027302,182.58,68,5,2925,6874,44
100.543656676,177.84,68,5,2925,6874,44
100.669714997,177.84,68,5,2925,6874,44
100.795756647,177.84,68,5,2925,6874,44
100.920349833,177.84,68,5,2925,6874,44
101.046101361,159.63,70,5,2925,6874,44
101.172054091,159.63,70,5,2925,6874,44
101.296329262,159.63,70,5,2925,6874,44
101.421515735,159.63,70,5,2925,6874,44
101.546411734,158.69,70,5,2925,6874,44
101.671435467,158.69,70,5,2925,6874,44
101.796777254,158.69,70,5,2925,6874,44
101.923593696,158.69,70,5,2925,6874,44
102.050057918,158.54,67,5,2925,6874,44
102.176329002,158.54,67,5,2925,6874,44
102.300697759,158.54,67,5,2925,6874,44
102.427273543,158.54,67,5,2925,6874,44
102.553420339,181.80,67,5,2902,6874,45
102.678566373,181.80,67,5,2902,6874,45
102.803862121,181.80,67,5,2902,6874,45
102.929160965,181.80,67,5,2902,6874,45
103.054584657,181.01,74,5,2925,6874,44
103.179803218,181.01,74,5,2925,6874,44
103.305132130,181.01,74,5,2925,6874,44
103.430865910,181.01,74,5,2925,6874,44
103.557121252,157.45,74,5,2925,6874,44
103.681995918,157.45,74,5,2925,6874,44
103.807865887,157.45,74,5,2925,6874,44
103.934501432,157.45,74,5,2925,6874,44
104.060029200,158.29,76,5,2925,6874,44
104.185492695,158.29,76,5,2925,6874,44
104.311419573,158.29,76,5,2925,6874,44
104.437329246,158.29,76,5,2925,6874,44
104.563330293,157.84,76,5,2925,6874,44
104.689089790,157.84,76,5,2925,6874,44
104.814758004,157.84,76,5,2925,6874,44
104.941655545,157.84,76,5,2925,6874,44
105.067381559,159.27,77,5,2925,6874,46
105.191703542,159.27,77,5,2925,6874,46
105.317366546,159.27,77,5,2925,6874,46
105.443018508,159.27,77,5,2925,6874,46
105.570271073,183.36,77,5,2925,6874,45
105.696342301,183.36,77,5,2925,6874,45
105.821982240,183.36,77,5,2925,6874,45
105.947429131,183.36,77,5,2925,6874,45
106.072086932,185.09,72,5,2925,6874,44
106.197935557,185.09,72,5,2925,6874,44
106.323672249,185.09,72,5,2925,6874,44
106.448586276,185.09,72,5,2925,6874,44
106.573617716,159.05,72,5,2925,6874,44
106.698265316,159.05,72,5,2925,6874,44
106.824427726,159.05,72,5,2925,6874,44
106.949806667,159.05,72,5,2925,6874,44
107.074392068,158.96,71,5,2925,6874,44
107.199354416,158.96,71,5,2925,6874,44
107.324897810,158.96,71,5,2925,6874,44
107.450552604,158.96,71,5,2925,6874,44
107.576037975,159.13,71,5,2925,6874,44
107.702666471,159.13,71,5,2925,6874,44
107.830326959,159.13,71,5,2925,6874,44
107.954588603,159.13,71,5,2925,6874,44
108.079728557,182.44,69,40,2917,6874,46
108.205718699,182.44,69,40,2917,6874,46
108.331923358,182.44,69,40,2917,6874,46
108.456542562,182.44,69,40,2917,6874,46
108.581534162,184.38,69,40,2925,6874,44
108.708272856,184.38,69,40,2925,6874,44
108.833347926,184.38,69,40,2925,6874,44
108.958734107,184.38,69,40,2925,6874,44
109.084016040,159.01,73,5,2925,6874,45
109.209519304,159.01,73,5,2925,6874,45
109.334469887,159.01,73,5,2925,6874,45
109.459865515,159.01,73,5,2925,6874,45
109.585153488,159.62,73,5,2925,6874,45
109.711492410,159.62,73,5,2925,6874,45
109.836294619,159.62,73,5,2925,6874,45
109.962047657,159.62,73,5,2925,6874,45
110.087510212,159.18,71,5,2925,6874,44
110.212933372,159.18,71,5,2925,6874,44
110.337290345,159.18,71,5,2925,6874,44
110.462259060,159.18,71,5,2925,6874,44
110.589535383,158.60,71,5,2925,6874,45
110.714097384,158.60,71,5,2925,6874,45
110.838433656,158.60,71,5,2925,6874,45
110.964109996,158.60,71,5,2925,6874,45
111.088953212,182.62,71,5,2902,6874,45
111.214596068,182.62,71,5,2902,6874,45
111.339599258,182.62,71,5,2902,6874,45
111.465371119,182.62,71,5,2902,6874,45
111.590368978,182.76,71,5,2925,6874,45
111.715851207,182.76,71,5,2925,6874,45
111.841468554,182.76,71,5,2925,6874,45
111.966302761,182.76,71,5,2925,6874,45
112.091375232,160.59,70,5,2925,6874,45
112.216680234,160.59,70,5,2925,6874,45
112.341375758,160.59,70,5,2925,6874,45
112.466992582,160.59,70,5,2925,6874,45
112.592431328,160.63,70,5,2925,6874,45
112.718524658,160.63,70,5,2925,6874,45
112.844114360,160.63,70,5,2925,6874,45
112.970387112,160.63,70,5,2925,6874,45
113.095441336,160.54,71,5,2925,6874,45
113.220830758,160.54,71,5,2925,6874,45
113.346715291,160.54,71,5,2925,6874,45
113.473477993,160.54,71,5,2925,6874,45
113.599719914,163.10,71,5,2925,6874,48
113.725084246,163.10,71,5,2925,6874,48
113.851807243,163.10,71,5,2925,6874,48
113.977476816,163.10,71,5,2925,6874,48
114.102580672,182.72,69,5,2925,6874,45
114.227425207,182.72,69,5,2925,6874,45
114.352388557,182.72,69,5,2925,6874,45
114.478265623,182.72,69,5,2925,6874,45
114.603898725,184.40,69,5,2925,6874,45
114.728809183,184.40,69,5,2925,6874,45
114.855567475,184.40,69,5,2925,6874,45
114.980564858,184.40,69,5,2925,6874,45
115.105907828,161.24,70,5,2925,6874,45
115.230572499,161.24,70,5,2925,6874,45
115.355835968,161.24,70,5,2925,6874,45
115.481112160,161.24,70,5,2925,6874,45
115.606584214,160.81,70,5,2925,6874,45
115.732312496,160.81,70,5,2925,6874,45
115.857577056,160.81,70,5,2925,6874,45
115.982370670,160.81,70,5,2925,6874,45
116.107228196,159.96,69,5,2925,6874,45
116.231888547,159.96,69,5,2925,6874,45
116.357598113,159.96,69,5,2925,6874,45
116.483145990,159.96,69,5,2925,6874,45
116.607928071,184.60,69,5,2917,6874,46
116.733069736,184.60,69,5,2917,6874,46
116.858848071,184.60,69,5,2917,6874,46
116.983698432,184.60,69,5,2917,6874,46
117.109903749,182.76,72,5,2925,6874,45
117.235214145,182.76,72,5,2925,6874,45
117.360184193,182.76,72,5,2925,6874,45
117.485249251,182.76,72,5,2925,6874,45
117.609513646,171.00,72,5,2925,6874,45
117.735373835,171.00,72,5,2925,6874,45
117.859734844,171.00,72,5,2925,6874,45
117.984561378,171.00,72,5,2925,6874,45
118.109661903,159.36,69,5,2925,6874,45
118.235561097,159.36,69,5,2925,6874,45
118.361873126,159.36,69,5,2925,6874,45
118.487502355,159.36,69,5,2925,6874,45
118.612034387,159.34,69,5,2925,6874,45
118.737794485,159.34,69,5,2925,6874,45
118.862925026,159.34,69,5,2925,6874,45
118.988227012,159.34,69,5,2925,6874,45
119.115041906,159.18,68,5,2925,6874,45
119.239729564,159.18,68,5,2925,6874,45
119.366781949,159.18,68,5,2925,6874,45
119.492682723,159.18,68,5,2925,6874,45
119.617807081,183.39,68,5,2902,6874,45
119.743337200,183.39,68,5,2902,6874,45
119.867849323,183.39,68,5,2902,6874,45
119.992911542,183.39,68,5,2902,6874,45
120.118211023,183.37,70,5,2925,6874,45
120.244214261,183.37,70,5,2925,6874,45
120.369177853,183.37,70,5,2925,6874,45
120.494579306,183.37,70,5,2925,6874,45
120.619574636,160.57,70,5,2925,6874,45
120.744647395,160.57,70,5,2925,6874,45
120.870367594,160.57,70,5,2925,6874,45
120.996548899,160.57,70,5,2925,6874,45
121.122303484,160.57,71,5,2925,6874,45
121.247667325,160.57,71,5,2925,6874,45
121.372909184,160.57,71,5,2925,6874,45
121.498912921,160.50,71,5,2925,6874,45
121.623424530,160.50,71,5,2925,6874,45
121.749435812,160.50,71,5,2925,6874,45
121.876605295,160.50,71,5,2925,6874,45
122.001225441,169.16,69,30,2925,6874,48
122.126420239,169.16,69,30,2925,6874,48
122.251790722,169.16,69,30,2925,6874,48
122.377191472,169.16,69,30,2925,6874,48
122.502994285,186.78,69,30,2925,6874,45
122.628967432,186.78,69,30,2925,6874,45
122.755153604,186.78,69,30,2925,6874,45
122.881014218,186.78,69,30,2925,6874,45
123.007304427,177.10,74,5,2925,6874,46
123.134248992,177.10,74,5,2925,6874,46
123.260392302,177.10,74,5,2925,6874,46
123.384868743,177.10,74,5,2925,6874,46
123.510252568,160.96,74,5,2925,6874,45
123.636156552,160.96,74,5,2925,6874,45
123.762562902,160.96,74,5,2925,6874,45
123.888469090,160.96,74,5,2925,6874,45
124.013915444,160.80,72,5,2925,6874,45
124.139244475,160.80,72,5,2925,6874,45
124.264118020,160.80,72,5,2925,6874,45
124.388321330,160.80,72,5,2925,6874,45
124.513818319,160.41,72,5,2925,6874,45
124.638552507,160.41,72,5,2925,6874,45
124.765155679,160.41,72,5,2925,6874,45
124.889605197,160.41,72,5,2925,6874,45
125.014369232,185.49,77,5,2902,6874,46
125.139083863,185.49,77,5,2902,6874,46
125.264802413,185.49,77,5,2902,6874,46
125.389840409,185.49,77,5,2902,6874,46
125.516004635,182.90,77,5,2925,6874,45
125.641117732,182.90,77,5,2925,6874,45
125.766481907,182.90,77,5,2925,6874,45
125.891698621,182.90,77,5,2925,6874,45
126.016024252,159.66,76,5,2925,6874,45
126.141248100,159.66,76,5,2925,6874,45
126.266637191,159.66,76,5,2925,6874,45
126.392368173,159.66,76,5,2925,6874,45
126.517895627,160.32,76,5,2925,6874,46
126.643944283,160.32,76,5,2925,6874,46
126.769487296,160.32,76,5,2925,6874,46
126.893963140,160.32,76,5,2925,6874,46
127.020843156,160.52,71,5,2925,6874,45
127.146953348,160.52,71,5,2925,6874,45
127.272478938,160.52,71,5,2925,6874,45
127.398310991,160.52,71,5,2925,6874,45
127.524724478,160.96,71,5,2925,6874,47
127.649418256,160.96,71,5,2925,6874,47
127.775254145,160.96,71,5,2925,6874,47
127.899800832,160.96,71,5,2925,6874,47
128.024571105,184.43,71,5,2917,6874,45
128.149916421,184.43,71,5,2917,6874,45
128.274656927,184.43,71,5,2917,6874,45
128.398889717,184.43,71,5,2917,6874,45
128.525732309,183.73,71,5,2925,6874,45
128.651539452,183.73,71,5,2925,6874,45
128.776917108,183.73,71,5,2925,6874,45
128.902159407,183.73,71,5,2925,6874,45
129.028348276,160.23,69,5,2925,6874,45
129.153317105,160.23,69,5,2925,6874,45
129.278281996,160.23,69,5,2925,6874,45
129.403427981,160.23,69,5,2925,6874,45
129.529533951,160.51,69,5,2925,6874,45
129.654798140,160.51,69,5,2925,6874,45
129.781355478,160.51,69,5,2925,6874,45
129.907565505,160.51,69,5,2925,6874,45
130.033112382,160.45,72,5,2925,6874,45
130.158572614,160.45,72,5,2925,6874,45
130.284494904,160.45,72,5,2925,6874,45
130.410537072,160.45,72,5,2925,6874,45
130.535663497,183.64,72,5,2925,6874,47
130.660016232,183.64,72,5,2925,6874,47
130.785113983,183.64,72,5,2925,6874,47
130.910561209,183.64,72,5,2925,6874,47
131.037032432,181.70,61,4,2925,6874,46
131.161585076,181.70,61,4,2925,6874,46
131.286386764,181.70,61,4,2925,6874,46
131.411735021,181.70,61,4,2925,6874,46
131.536351566,177.02,61,4,2925,6874,45
131.661097567,177.02,61,4,2925,6874,45
131.785944670,177.02,61,4,2925,6874,45
131.910788577,177.02,61,4,2925,6874,45
132.035606104,159.83,74,5,2925,6874,45
132.161172585,159.83,74,5,2925,6874,45
132.286575175,159.83,74,5,2925,6874,45
132.413112351,159.83,74,5,2925,6874,45
132.537885833,161.19,74,5,2925,6874,45
132.663499742,161.19,74,5,2925,6874,45
132.790932941,161.19,74,5,2925,6874,45
132.916541391,161.19,74,5,2925,6874,45
133.042279106,160.98,72,5,2925,6874,45
133.169274031,160.98,72,5,2925,6874,45
133.294834069,160.98,72,5,2925,6874,45
133.419544179,160.98,72,5,2925,6874,45
133.544744401,183.81,72,5,2902,6874,46
133.669893936,183.81,72,5,2902,6874,46
133.795938694,183.81,72,5,2902,6874,46
133.920550928,183.81,72,5,2902,6874,46
134.045880786,186.91,79,6,2925,6874,45
134.171352745,186.91,79,6,2925,6874,45
134.296714894,186.91,79,6,2925,6874,45
134.422189407,186.91,79,6,2925,6874,45
134.547543340,161.22,79,6,2925,6874,45
134.673222050,161.22,79,6,2925,6874,45
134.797717520,161.22,79,6,2925,6874,45
134.922452817,161.22,79,6,2925,6874,45
135.048132779,161.61,77,6,2925,6874,45
135.173899467,161.61,77,6,2925,6874,45
135.299036727,161.61,77,6,2925,6874,45
135.424013151,161.61,77,6,2925,6874,45
135.548898642,162.23,77,6,2925,6874,45
135.673729699,162.23,77,6,2925,6874,45
135.800262912,162.23,77,6,2925,6874,45
135.927565479,162.23,77,6,2925,6874,45
136.051514128,163.47,72,11,2925,6874,48
136.176973370,163.47,72,11,2925,6874,48
136.302437620,163.47,72,11,2925,6874,48
136.427361003,163.47,72,11,2925,6874,48
136.551984894,188.25,72,11,2925,6874,46
136.678803830,188.25,72,11,2925,6874,46
136.805664715,188.25,72,11,2925,6874,46
136.930714135,188.25,72,11,2925,6874,46
137.055917619,186.58,71,5,2925,6874,45
137.180784904,186.58,71,5,2925,6874,45
137.306636770,186.58,71,5,2925,6874,45
137.431923241,186.58,71,5,2925,6874,45
137.557252944,162.79,71,5,2925,6874,46
137.683137381,162.79,71,5,2925,6874,46
137.807928940,162.79,71,5,2925,6874,46
137.932569883,162.79,71,5,2925,6874,46
138.057606578,162.61,76,5,2925,6874,46
138.182467770,162.61,76,5,2925,6874,46
138.308608183,162.61,76,5,2925,6874,46
138.434482621,162.61,76,5,2925,6874,46
138.560308275,162.19,76,5,2925,6874,46
138.686686259,162.19,76,5,2925,6874,46
138.813277929,162.19,76,5,2925,6874,46
138.938050651,162.19,76,5,2925,6860,46
139.062607312,182.54,35,20,2910,6810,45
139.187437423,182.54,35,20,2910,5992,45
139.312004164,182.54,35,20,2910,4006,45
139.436428402,182.54,35,20,2910,4006,45
139.561319007,155.75,35,20,2925,4006,44
139.685721534,155.75,35,20,2925,4006,44
139.810215004,155.75,35,20,2925,4006,44
139.936479100,155.75,35,20,2925,4006,44
140.062114080,101.98,0,0,2925,4006,44
140.185608670,101.98,0,0,2925,4006,44
140.309091048,101.98,0,0,2925,4006,44
140.434415216,101.98,0,0,2925,4006,44
140.558797152,100.90,0,0,2925,4006,44
